Date,Title,Link
35 minutes ago,"Gold nears $5,600 as investors seek safety; silver targets $120",https://www.investing.comhttps://www.investing.com/news/economy-news/gold-extends-record-run-races-past-5400oz-4471579
41 minutes ago,"Copper sets record amid geopolitical risks, weak dollar",https://www.investing.comhttps://www.investing.com/news/commodities-news/copper-sets-record-amid-geopolitical-risks-weak-dollar-4471829
3 hours ago,"Asia tech streak takes a timeout, gold keeps climbing",https://www.investing.comhttps://www.investing.com/news/economy-news/asia-tech-streak-takes-a-timeout-gold-keeps-climbing-4471773
5 hours ago,"Gold prices hit record high above $5,500/oz on US-Iran tensions",https://www.investing.comhttps://www.investing.com/news/commodities-news/gold-prices-hit-record-high-above-5500oz-on-usiran-tensions-4471718
6 hours ago,Key quotes from Fed Chair Powell’s news conference,https://www.investing.comhttps://www.investing.com/news/economy-news/key-quotes-from-fed-chair-powells-news-conference-4471628
7 hours ago,Trading Day: Fed almost incidental to market swirl,https://www.investing.comhttps://www.investing.com/news/economy-news/trading-day-fed-almost-incidental-to-market-swirl-4471539
7 hours ago,"Stocks edge higher, dollar pares some gains after Fed keeps rates steady",https://www.investing.comhttps://www.investing.com/news/stock-market-news/trump-triggers-flight-from-us-dollar-4469037
7 hours ago,"Gold nears $5,400/oz, rally gains momentum as uncertainties mount",https://www.investing.comhttps://www.investing.com/news/economy-news/golds-blistering-rally-continues-past-5200-as-dollar-plunges-to-4year-low-4469112
8 hours ago,"Stocks end flat after Fed holds rates steady, focus turns to Big Tech earnings",https://www.investing.comhttps://www.investing.com/news/stock-market-news/us-stock-futures-steady-as-fed-decision-megacap-earnings-loom-4469039
9 hours ago,"Bitcoin falls back below $90,000 after Fed holds interest rates steady",https://www.investing.comhttps://www.investing.com/news/cryptocurrency-news/bitcoin-price-today-rises-above-89k-but-stays-rangebound-ahead-of-fed-verdict-4469236
10 hours ago,"Gold holds on to gains after Fed keeps rates steady, amid strong haven demand",https://www.investing.comhttps://www.investing.com/news/commodities-news/gold-prices-steady-after-hitting-record-high-near-5200oz-4469057
11 hours ago,London’s FTSE 100 falls as investors rotate into US tech stocks ahead of Fed decision,https://www.investing.comhttps://www.investing.com/news/economy-news/londons-ftse-100-falls-as-healthcare-bank-stocks-decline-4469700
12 hours ago,TSX slightly up as Bank of Canada holds rate,https://www.investing.comhttps://www.investing.com/news/stock-market-news/tsx-slightly-up-as-bank-of-canada-holds-rate-4470878
12 hours ago,"Bessent says US has strong dollar policy, ’absolutely not’ intervening to support yen",https://www.investing.comhttps://www.investing.com/news/economy-news/bessent-says-us-has-strong-dollar-policy-absolutely-not-intervening-to-support-yen-4470854
14 hours ago,"Here’s how gold prices could hit $10,000 this year",https://www.investing.comhttps://www.investing.com/news/commodities-news/heres-how-gold-prices-could-hit-10000-this-year-4469453
14 hours ago,Tether to allocate up to 15% of investments to physical gold,https://www.investing.comhttps://www.investing.com/news/commodities-news/tether-to-allocate-up-to-15-of-investments-to-physical-gold-4470473
14 hours ago,Tether CEO aims to allocate up to 15% of its portfolio to gold,https://www.investing.comhttps://www.investing.com/news/commodities-news/tether-ceo-aims-to-allocate-up-to-15-of-its-portfolio-to-gold-4470464
16 hours ago,H.C. Wainwright raises Hecla Mining stock price target to $36.50 on strong production,https://www.investing.comhttps://www.investing.com/news/analyst-ratings/hc-wainwright-raises-hecla-mining-stock-price-target-to-3650-on-strong-production-93CH-4469895
17 hours ago,"Morning Bid: Making a weak dollar ""great"" again",https://www.investing.comhttps://www.investing.com/news/commodities-news/morning-bid-making-a-weak-dollar-great-again-4469734
18 hours ago,"Fresnillo trims 2026 silver, gold targets as Q4 output misses estimates",https://www.investing.comhttps://www.investing.com/news/earnings/fresnillo-trims-2026-silver-gold-targets-as-q4-output-misses-estimates-4469545
